{
  "cap_names": [
    "math",
    "physics_chem",
    "bio_medicine",
    "cs_ml_security",
    "law_politics",
    "business_econ",
    "history_humanities",
    "psych_sociology",
    "logic_ethics",
    "geography_other"
  ],
  "split": "test",
  "n_per_subject": 10,
  "seed": 0,
  "models": {
    "qwen-3": {
      "openrouter_model": "qwen/qwen3-vl-235b-a22b-instruct",
      "cap_acc_10d": [
        0.8166666666666667,
        0.8333333333333334,
        0.9363636363636364,
        0.88,
        0.8285714285714286,
        0.9333333333333333,
        0.8833333333333333,
        0.9,
        0.8,
        0.8666666666666667
      ],
      "overall_acc": 0.8736842105263158,
      "cap_correct": [
        49,
        50,
        103,
        44,
        58,
        56,
        53,
        27,
        32,
        26
      ],
      "cap_total": [
        60,
        60,
        110,
        50,
        70,
        60,
        60,
        30,
        40,
        30
      ]
    },
    "deepseek-r1": {
      "openrouter_model": "deepseek/deepseek-r1",
      "cap_acc_10d": [
        0.5666666666666667,
        0.7833333333333333,
        0.9272727272727272,
        0.9,
        0.8571428571428571,
        0.9,
        0.9,
        0.9333333333333333,
        0.825,
        0.9666666666666667
      ],
      "overall_acc": 0.8526315789473684,
      "cap_correct": [
        34,
        47,
        102,
        45,
        60,
        54,
        54,
        28,
        33,
        29
      ],
      "cap_total": [
        60,
        60,
        110,
        50,
        70,
        60,
        60,
        30,
        40,
        30
      ]
    },
    "llama-3.1": {
      "openrouter_model": "meta-llama/llama-3.1-405b-instruct",
      "cap_acc_10d": [
        0.6666666666666666,
        0.8,
        0.9363636363636364,
        0.78,
        0.9142857142857143,
        0.8833333333333333,
        0.9166666666666666,
        0.8333333333333334,
        0.775,
        0.9
      ],
      "overall_acc": 0.8508771929824561,
      "cap_correct": [
        40,
        48,
        103,
        39,
        64,
        53,
        55,
        25,
        31,
        27
      ],
      "cap_total": [
        60,
        60,
        110,
        50,
        70,
        60,
        60,
        30,
        40,
        30
      ]
    },
    "deepseek-3": {
      "openrouter_model": "deepseek/deepseek-v3.2",
      "cap_acc_10d": [
        0.8,
        0.8166666666666667,
        0.8909090909090909,
        0.82,
        0.8428571428571429,
        0.85,
        0.9166666666666666,
        0.8333333333333334,
        0.85,
        0.9666666666666667
      ],
      "overall_acc": 0.8578947368421053,
      "cap_correct": [
        48,
        49,
        98,
        41,
        59,
        51,
        55,
        25,
        34,
        29
      ],
      "cap_total": [
        60,
        60,
        110,
        50,
        70,
        60,
        60,
        30,
        40,
        30
      ]
    },
    "claude-4.5": {
      "openrouter_model": "anthropic/claude-sonnet-4.5",
      "cap_acc_10d": [
        0.35,
        0.5833333333333334,
        0.9090909090909091,
        0.7,
        0.9285714285714286,
        0.8666666666666667,
        0.9166666666666666,
        0.9333333333333333,
        0.825,
        0.9
      ],
      "overall_acc": 0.7912280701754386,
      "cap_correct": [
        21,
        35,
        100,
        35,
        65,
        52,
        55,
        28,
        33,
        27
      ],
      "cap_total": [
        60,
        60,
        110,
        50,
        70,
        60,
        60,
        30,
        40,
        30
      ]
    },
    "gpt-4o": {
      "openrouter_model": "openai/gpt-4o",
      "cap_acc_10d": [
        0.6,
        0.7833333333333333,
        0.9272727272727272,
        0.9,
        0.8571428571428571,
        0.8666666666666667,
        0.9,
        0.9,
        0.85,
        0.9333333333333333
      ],
      "overall_acc": 0.8508771929824561,
      "cap_correct": [
        36,
        47,
        102,
        45,
        60,
        52,
        54,
        27,
        34,
        28
      ],
      "cap_total": [
        60,
        60,
        110,
        50,
        70,
        60,
        60,
        30,
        40,
        30
      ]
    },
    "Mistral-8x22B": {
      "openrouter_model": "mistralai/mixtral-8x22b-instruct",
      "cap_acc_10d": [
        0.65,
        0.7166666666666667,
        0.8818181818181818,
        0.72,
        0.8142857142857143,
        0.8666666666666667,
        0.8166666666666667,
        0.8666666666666667,
        0.65,
        0.7666666666666667
      ],
      "overall_acc": 0.7859649122807018,
      "cap_correct": [
        39,
        43,
        97,
        36,
        57,
        52,
        49,
        26,
        26,
        23
      ],
      "cap_total": [
        60,
        60,
        110,
        50,
        70,
        60,
        60,
        30,
        40,
        30
      ]
    },
    "mistral-small-creative": {
      "openrouter_model": "mistralai/mistral-small-creative",
      "cap_acc_10d": [
        0.6333333333333333,
        0.7333333333333333,
        0.8818181818181818,
        0.68,
        0.8285714285714286,
        0.8,
        0.8333333333333334,
        0.8,
        0.7,
        0.7666666666666667
      ],
      "overall_acc": 0.7789473684210526,
      "cap_correct": [
        38,
        44,
        97,
        34,
        58,
        48,
        50,
        24,
        28,
        23
      ],
      "cap_total": [
        60,
        60,
        110,
        50,
        70,
        60,
        60,
        30,
        40,
        30
      ]
    },
    "grok-4.1-fast": {
      "openrouter_model": "x-ai/grok-4.1-fast",
      "cap_acc_10d": [
        0.9333333333333333,
        0.9166666666666666,
        0.9545454545454546,
        0.9,
        0.9,
        0.9,
        0.8833333333333333,
        0.9333333333333333,
        0.95,
        0.9333333333333333
      ],
      "overall_acc": 0.9210526315789473,
      "cap_correct": [
        56,
        55,
        105,
        45,
        63,
        54,
        53,
        28,
        38,
        28
      ],
      "cap_total": [
        60,
        60,
        110,
        50,
        70,
        60,
        60,
        30,
        40,
        30
      ]
    },
    "qwen-2.5-72b": {
      "openrouter_model": "qwen/qwen-2.5-72b-instruct",
      "cap_acc_10d": [
        0.6666666666666666,
        0.8166666666666667,
        0.9272727272727272,
        0.88,
        0.8142857142857143,
        0.85,
        0.8333333333333334,
        0.8666666666666667,
        0.825,
        0.8333333333333334
      ],
      "overall_acc": 0.8368421052631579,
      "cap_correct": [
        40,
        49,
        102,
        44,
        57,
        51,
        50,
        26,
        33,
        25
      ],
      "cap_total": [
        60,
        60,
        110,
        50,
        70,
        60,
        60,
        30,
        40,
        30
      ]
    },
    "gemma-2-27b-it": {
      "openrouter_model": "google/gemma-2-27b-it",
      "cap_acc_10d": [
        0.48333333333333334,
        0.7166666666666667,
        0.8181818181818182,
        0.76,
        0.8571428571428571,
        0.7666666666666667,
        0.8,
        0.8,
        0.775,
        0.7333333333333333
      ],
      "overall_acc": 0.756140350877193,
      "cap_correct": [
        29,
        43,
        90,
        38,
        60,
        46,
        48,
        24,
        31,
        22
      ],
      "cap_total": [
        60,
        60,
        110,
        50,
        70,
        60,
        60,
        30,
        40,
        30
      ]
    },
    "qwen-2.5-32b-instruct": {
      "openrouter_model": "qwen/qwen-2.5-32b-instruct",